{"lattice_vectors": [[2.84659308, 0.0, -2.84659308], [0.0, 5.69449651, 0.0], [2.84650103, -2.84724825, 5.69309411]], "atom_type": ["Ge", "Ge", "Ge", "Ge", "Ge", "Si"], "atom_coords": [[0.99700053, 0.00115929, 0.99400106], [0.3333333, 0.32498582, 0.6666667], [0.66966617, 0.67382493, 0.33933224], [0.16712331, 0.41708276, 0.33424652], [0.49954339, 0.74950283, 0.99908678], [0.8333333, 0.08344437, 0.6666667]], "coordinate_mode": "direct", "atom_properties": {"force": {"value": [[0.00045975, 0.00115757, 0.00045975], [0.0, -0.00233178, -0.0], [-0.00045975, 0.00115757, -0.00045975], [0.00308739, -0.00045223, 0.00308739], [-0.00308739, -0.00045223, -0.00308739], [0.0, 0.00092109, -0.0]]}}, "global_properties": {"energy": {"value": -27.95296533}}}