{"lattice_vectors": [[2.77610589, 0.0, -2.77610589], [-0.00093471, 5.5508045, -0.00093471], [2.77376873, -2.77680384, 5.54987463]], "atom_type": ["Ge", "Ge", "Si", "Si", "Si", "Si"], "atom_coords": [[0.99710439, 0.99298361, 0.99420877], [0.16956231, 0.42368309, 0.33912453], [0.33561373, 0.33157021, 0.67122757], [0.66705376, 0.67479089, 0.33410742], [0.49961294, 0.74187581, 0.99922588], [0.83105287, 0.08509639, 0.66210583]], "coordinate_mode": "direct", "atom_properties": {"force": {"value": [[0.00045906, -0.00228441, 0.00045906], [-0.00045906, 0.00228441, -0.00045906], [-0.00132471, 0.00124201, -0.00132471], [0.00127169, 0.00208494, 0.00127169], [-0.00127169, -0.00208494, -0.00127169], [0.00132471, -0.00124201, 0.00132471]]}}, "global_properties": {"energy": {"value": -30.65823363}}}