{"lattice_vectors": [[2.7973681, 0.0, -2.7973681], [-0.00094623, 5.59818077, -0.00094623], [2.79864859, -2.80050975, 5.5960167]], "atom_type": ["Ge", "Ge", "Ge", "Si", "Si", "Si"], "atom_coords": [[0.00034545, 0.00874245, 0.00069091], [0.3298588, 0.32574008, 0.65971769], [0.50286374, 0.74874541, 0.00572748], [0.66957368, 0.6655172, 0.33914726], [0.16724539, 0.42499984, 0.33449068], [0.83011294, 0.07625502, 0.66022598]], "coordinate_mode": "direct", "atom_properties": {"force": {"value": [[0.00167741, 0.00111924, 0.00167741], [-0.00096814, -0.00058766, -0.00096814], [-0.00172801, -0.00135624, -0.00172801], [-0.00082197, 9.808e-05, -0.00082197], [0.00225882, 0.00061626, 0.00225882], [-0.00041811, 0.00011032, -0.00041811]]}}, "global_properties": {"energy": {"value": -29.73082209}}}