{"lattice_vectors": [[2.84717976, 0.0, -2.84717976], [-2.84717976, 2.84717976, 0.0], [5.69508444, 5.69508444, 5.69508444]], "atom_type": ["Ge", "Ge", "Ge", "Ge", "Ge", "Si"], "atom_coords": [[0.0, 0.0, 0.00017014], [0.3333333, 0.6666667, 0.66213229], [0.6666667, 0.3333333, 0.33773324], [0.0, 0.0, 0.25196068], [0.3333333, 0.6666667, 0.91478932], [0.6666667, 0.3333333, 0.58321432]], "coordinate_mode": "direct", "atom_properties": {"force": {"value": [[-0.00036561, -0.00036561, -0.00036561], [0.00030799, 0.00030799, 0.00030799], [-0.00049551, -0.00049551, -0.00049551], [-0.00049108, -0.00049108, -0.00049108], [0.00097894, 0.00097894, 0.00097894], [6.527e-05, 6.527e-05, 6.527e-05]]}}, "global_properties": {"energy": {"value": -27.94001887}}}