{"lattice_vectors": [[2.79875706, 0.0, -2.79875706], [-2.79875706, 2.79875706, 0.0], [5.5987768, 5.5987768, 5.5987768]], "atom_type": ["Ge", "Ge", "Ge", "Si", "Si", "Si"], "atom_coords": [[0.0, 0.0, 0.00616151], [0.3333333, 0.6666667, 0.66046439], [0.3333333, 0.6666667, 0.91640625], [0.6666667, 0.3333333, 0.33343931], [0.0, 0.0, 0.25603079], [0.6666667, 0.3333333, 0.57749775]], "coordinate_mode": "direct", "atom_properties": {"force": {"value": [[0.0003838, 0.0003838, 0.0003838], [0.00019557, 0.00019557, 0.00019557], [-0.00045997, -0.00045997, -0.00045997], [0.00105773, 0.00105773, 0.00105773], [-0.00045447, -0.00045447, -0.00045447], [-0.00072266, -0.00072266, -0.00072266]]}}, "global_properties": {"energy": {"value": -29.71326865}}}