{"lattice_vectors": [[2.82111581, 0.0, -2.82111581], [-2.82111581, 2.82111581, 0.0], [5.64322986, 5.64322986, 5.64322986]], "atom_type": ["Ge", "Ge", "Ge", "Ge", "Si", "Si"], "atom_coords": [[0.0, 0.0, 0.99558629], [0.3333333, 0.6666667, 0.66657102], [0.6666667, 0.3333333, 0.33789024], [0.0, 0.0, 0.24999494], [0.3333333, 0.6666667, 0.91471356], [0.6666667, 0.3333333, 0.58524396]], "coordinate_mode": "direct", "atom_properties": {"force": {"value": [[0.00180479, 0.00180479, 0.00180479], [-9.327e-05, -9.327e-05, -9.327e-05], [-0.00227385, -0.00227385, -0.00227385], [0.00047615, 0.00047615, 0.00047615], [0.00239475, 0.00239475, 0.00239475], [-0.00230857, -0.00230857, -0.00230857]]}}, "global_properties": {"energy": {"value": -28.79801651}}}