{"lattice_vectors": [[2.77479923, 0.0, -2.77479923], [-2.77479923, 2.77479923, 0.0], [5.54947785, 5.54947785, 5.54947785]], "atom_type": ["Ge", "Ge", "Si", "Si", "Si", "Si"], "atom_coords": [[0.0, 0.0, 0.00161783], [0.3333333, 0.6666667, 0.6648738], [0.6666667, 0.3333333, 0.33345224], [0.0, 0.0, 0.25412765], [0.3333333, 0.6666667, 0.91651756], [0.6666667, 0.3333333, 0.57941091]], "coordinate_mode": "direct", "atom_properties": {"force": {"value": [[0.00081652, 0.00081652, 0.00081652], [0.0022647, 0.0022647, 0.0022647], [0.00179446, 0.00179446, 0.00179446], [-0.00119272, -0.00119272, -0.00119272], [-0.00157455, -0.00157455, -0.00157455], [-0.00210841, -0.00210841, -0.00210841]]}}, "global_properties": {"energy": {"value": -30.62126693}}}