{"lattice_vectors": [[2.79771657, 0.0, 2.79771657], [0.0, 5.59907206, 0.0], [-5.59821109, 0.0, 5.59821109]], "atom_type": ["Ge", "Ge", "Ge", "Ge", "Si", "Si", "Si", "Si"], "atom_coords": [[0.0, 0.9941731, 0.99314223], [0.5, 0.4941731, 0.25685777], [0.5, 0.2558269, 0.99314223], [0.0, 0.7558269, 0.25685777], [0.0, 0.00541226, 0.50702664], [0.5, 0.50541226, 0.74297336], [0.5, 0.24458774, 0.50702664], [0.0, 0.74458774, 0.74297336]], "coordinate_mode": "direct", "atom_properties": {"force": {"value": [[0.00090601, -0.00028393, -0.00090601], [-0.00090601, -0.00028393, 0.00090601], [0.00090601, 0.00028393, -0.00090601], [-0.00090601, 0.00028393, 0.00090601], [-0.00094719, 0.00127844, 0.00094719], [0.00094719, 0.00127844, -0.00094719], [-0.00094719, -0.00127844, 0.00094719], [0.00094719, -0.00127844, -0.00094719]]}}, "global_properties": {"energy": {"value": -39.65840492}}}