{"lattice_vectors": [[2.83368269, 2.83368269, 0.0], [2.83368269, -2.83368269, 0.0], [0.0, 0.0, -5.66887205]], "atom_type": ["Ge", "Ge", "Ge", "Si"], "atom_coords": [[0.0, 0.0, 0.00649315], [0.5, 0.5, 0.49350685], [0.5, 0.0, 0.75], [0.0, 0.5, 0.25]], "coordinate_mode": "direct", "atom_properties": {"force": {"value": [[-0.0, 0.0, -0.00073461], [0.0, -0.0, 0.00073461], [0.0, -0.0, 0.0], [0.0, -0.0, -0.0]]}}, "global_properties": {"energy": {"value": -18.91484071}}}