{"lattice_vectors": [[2.77650357, 0.0, -2.77650357], [-2.77650357, 2.77650357, 0.0], [5.54924084, 5.54924084, 5.54924084]], "atom_type": ["Ge", "Ge", "Si", "Si", "Si", "Si"], "atom_coords": [[0.0, 0.0, 0.99570288], [0.0, 0.0, 0.25429712], [0.3333333, 0.6666667, 0.66484303], [0.6666667, 0.3333333, 0.33915451], [0.3333333, 0.6666667, 0.91084549], [0.6666667, 0.3333333, 0.58515697]], "coordinate_mode": "direct", "atom_properties": {"force": {"value": [[0.00026044, 0.00026044, 0.00026044], [-0.00026044, -0.00026044, -0.00026044], [0.00049463, 0.00049463, 0.00049463], [-5.929e-05, -5.929e-05, -5.929e-05], [5.929e-05, 5.929e-05, 5.929e-05], [-0.00049463, -0.00049463, -0.00049463]]}}, "global_properties": {"energy": {"value": -30.64379259}}}