{"lattice_vectors": [[2.79541618, 2.79541618, 0.0], [2.79911828, -2.79911828, 0.0], [0.0, 0.0, -5.59646287]], "atom_type": ["Ge", "Ge", "Si", "Si"], "atom_coords": [[0.0, 0.0, 0.00643271], [0.5, 0.0, 0.74356729], [0.5, 0.5, 0.49405589], [0.0, 0.5, 0.25594411]], "coordinate_mode": "direct", "atom_properties": {"force": {"value": [[-0.0, 0.0, -0.00103947], [0.0, -0.0, 0.00103947], [0.0, 0.0, -0.00117911], [0.0, 0.0, 0.00117911]]}}, "global_properties": {"energy": {"value": -19.81496106}}}