{"lattice_vectors": [[2.76440578, 0.0, -2.76440578], [2.76437714, 5.52874936, 2.76437714], [2.76437714, -5.52874936, 2.76437714]], "atom_type": ["Ge", "Ge", "Si", "Si", "Si", "Si", "Si", "Si"], "atom_coords": [[0.0, 0.99986063, 0.00013937], [0.5, 0.37513937, 0.62486063], [0.5, 0.995277, 0.49824979], [0.0, 0.50308652, 0.49691348], [0.5, 0.50175021, 0.004723], [0.0, 0.379723, 0.12675021], [0.0, 0.87324979, 0.620277], [0.5, 0.87191348, 0.12808652]], "coordinate_mode": "direct", "atom_properties": {"force": {"value": [[0.0, 0.00017146, 0.0], [0.0, -0.00017146, 0.0], [0.00081733, 0.00103866, 0.00081733], [0.0, -0.00263244, 0.0], [-0.00081733, 0.00103866, -0.00081733], [-0.00081733, -0.00103866, -0.00081733], [0.00081733, -0.00103866, 0.00081733], [0.0, 0.00263244, 0.0]]}}, "global_properties": {"energy": {"value": -41.48693041}}}