{"lattice_vectors": [[2.77445501, -2.77445501, 0.0], [2.77445501, 2.77445501, 0.0], [-2.77445501, 0.0, 8.32283348]], "atom_type": ["Ge", "Ge", "Si", "Si", "Si", "Si"], "atom_coords": [[0.0, 0.0, 0.0], [0.75, 0.25, 0.5], [0.66519973, 0.66519973, 0.33039937], [0.33480027, 0.33480027, 0.66960063], [0.08480027, 0.58480027, 0.16960063], [0.41519973, 0.91519973, 0.83039937]], "coordinate_mode": "direct", "atom_properties": {"force": {"value": [[-0.0, 0.0, 0.0], [-0.0, -0.0, 0.0], [0.0, -0.0, 0.0006331], [-0.0, -0.0, -0.0006331], [-0.0, 0.0, -0.0006331], [-0.0, 0.0, 0.0006331]]}}, "global_properties": {"energy": {"value": -30.63204956}}}