{"lattice_vectors": [[2.82303799, 0.0, -2.82303799], [-2.82303799, 2.82303799, 0.0], [5.6441994, 5.6441994, 5.6441994]], "atom_type": ["Ge", "Ge", "Ge", "Ge", "Si", "Si"], "atom_coords": [[0.0, 0.0, 0.00201073], [0.3333333, 0.6666667, 0.66021311], [0.0, 0.0, 0.25645359], [0.3333333, 0.6666667, 0.91465597], [0.6666667, 0.3333333, 0.33756106], [0.6666667, 0.3333333, 0.57910554]], "coordinate_mode": "direct", "atom_properties": {"force": {"value": [[-0.00014966, -0.00014966, -0.00014966], [0.00012776, 0.00012776, 0.00012776], [-0.00012776, -0.00012776, -0.00012776], [0.00014966, 0.00014966, 0.00014966], [0.00112843, 0.00112843, 0.00112843], [-0.00112843, -0.00112843, -0.00112843]]}}, "global_properties": {"energy": {"value": -28.82424024}}}