{"lattice_vectors": [[5.49804031, 0.0, 0.0], [0.0, 5.49804031, 0.0], [0.0, 0.0, 5.49804031]], "atom_type": ["Ge", "Si", "Si", "Si", "Si", "Si", "Si", "Si"], "atom_coords": [[0.0, 0.0, 0.0], [0.5, 0.0, 0.5], [0.0, 0.5, 0.5], [0.5, 0.5, 0.0], [0.25292725, 0.25292725, 0.25292725], [0.74707275, 0.25292725, 0.74707275], [0.25292725, 0.74707275, 0.74707275], [0.74707275, 0.74707275, 0.25292725]], "coordinate_mode": "direct", "atom_properties": {"force": {"value": [[-0.0, -0.0, -0.0], [-0.0, -0.0, -0.0], [-0.0, -0.0, -0.0], [-0.0, -0.0, -0.0], [-0.0008744, -0.0008744, -0.0008744], [0.0008744, -0.0008744, 0.0008744], [-0.0008744, 0.0008744, 0.0008744], [0.0008744, 0.0008744, -0.0008744]]}}, "global_properties": {"energy": {"value": -42.43265895}}}