{"lattice_vectors": [[2.74933307, 0.0, -2.74933307], [2.749135, 5.49830078, 2.749135], [2.749135, -5.49830078, 2.749135]], "atom_type": ["Ge", "Si", "Si", "Si", "Si", "Si", "Si", "Si"], "atom_coords": [[0.0, 0.9999875, 1.25e-05], [0.5, 0.99992779, 0.49996175], [0.0, 0.50003296, 0.49996704], [0.5, 0.50003825, 7.221e-05], [0.0, 0.37962016, 0.12669122], [0.5, 0.37512522, 0.62487478], [0.0, 0.87330878, 0.62037984], [0.5, 0.87195934, 0.12804066]], "coordinate_mode": "direct", "atom_properties": {"force": {"value": [[0.0, 0.00138625, 0.0], [0.00089426, -0.00024834, 0.00089426], [0.0, -0.0011204, 0.0], [-0.00089426, -0.00024834, -0.00089426], [0.00069029, -0.00040138, 0.00069029], [0.0, 0.0013195, 0.0], [-0.00069029, -0.00040138, -0.00069029], [0.0, -0.00028591, 0.0]]}}, "global_properties": {"energy": {"value": -42.42886178}}}