{"lattice_vectors": [[2.83493243, 2.83493243, 0.0], [-5.66878741, 2.83385498, 2.83572435], [2.83288207, -2.83288207, 5.66745273]], "atom_type": ["Ge", "Ge", "Ge", "Ge", "Ge", "Ge", "Si", "Si"], "atom_coords": [[0.00033583, 0.00067166, 0.99830802], [0.75186688, 0.50373376, 0.2559877], [0.49708689, 0.99417379, 0.50100614], [0.56216417, 0.12432834, 0.18919198], [0.06541311, 0.13082621, 0.68649386], [0.81063312, 0.62126624, 0.9315123], [0.25062947, 0.50125894, 0.74507181], [0.31187053, 0.62374106, 0.44242819]], "coordinate_mode": "direct", "atom_properties": {"force": {"value": [[-0.00299974, 0.00299974, 0.00026206], [0.00151465, -0.00151465, -0.00231493], [0.00250811, -0.00250811, 0.00019182], [0.00299974, -0.00299974, -0.00026206], [-0.00250811, 0.00250811, -0.00019182], [-0.00151465, 0.00151465, 0.00231493], [-0.00163014, 0.00163014, 0.00223231], [0.00163014, -0.00163014, -0.00223231]]}}, "global_properties": {"energy": {"value": -37.84582357}}}