{"lattice_vectors": [[2.83329629, 0.0, -2.83329629], [2.8357528, 5.66947577, 2.8357528], [2.8357528, -5.66947577, 2.8357528]], "atom_type": ["Ge", "Ge", "Ge", "Ge", "Ge", "Ge", "Si", "Si"], "atom_coords": [[0.0, 0.00502271, 0.00180486], [0.5, 0.00016484, 0.49983516], [0.0, 0.49819514, 0.49497729], [0.5, 0.37680486, 0.63002271], [0.0, 0.87483516, 0.62516484], [0.5, 0.86997729, 0.12319514], [0.5, 0.49691077, 0.00308923], [0.0, 0.37808923, 0.12191077]], "coordinate_mode": "direct", "atom_properties": {"force": {"value": [[0.00029669, -8.18e-06, 0.00029669], [0.0, 0.00022049, 0.0], [-0.00029669, -8.18e-06, -0.00029669], [0.00029669, 8.18e-06, 0.00029669], [0.0, -0.00022049, 0.0], [-0.00029669, 8.18e-06, -0.00029669], [0.0, -0.00014681, 0.0], [0.0, 0.00014681, 0.0]]}}, "global_properties": {"energy": {"value": -37.82958967}}}