{"lattice_vectors": [[2.75433808, 0.0, -2.75433808], [0.0, 5.50881763, 0.0], [2.75381837, -2.75440882, 5.50815645]], "atom_type": ["Ge", "Si", "Si", "Si", "Si", "Si"], "atom_coords": [[0.0, 2.15e-06, 0.0], [0.33287624, 0.33285685, 0.66575258], [0.66712376, 0.66710437, 0.33424742], [0.1693994, 0.42324784, 0.3387987], [0.5, 0.74233976, 0.0], [0.8306006, 0.08444904, 0.6612013]], "coordinate_mode": "direct", "atom_properties": {"force": {"value": [[-0.0, -0.00287847, -0.0], [-0.00086485, 0.00049722, -0.00086485], [0.00086485, 0.00049722, 0.00086485], [-0.00114128, 0.00097838, -0.00114128], [0.0, -7.274e-05, -0.0], [0.00114128, 0.00097838, 0.00114128]]}}, "global_properties": {"energy": {"value": -31.58977152}}}