{"lattice_vectors": [[2.85365086, 0.0, 2.85365086], [0.0, 5.70733419, 0.0], [-5.70744833, 0.0, 5.70744833]], "atom_type": ["Ge", "Ge", "Ge", "Ge", "Ge", "Ge", "Ge", "Si"], "atom_coords": [[0.0, 0.99676426, 0.99521786], [0.5, 0.49713402, 0.25], [0.0, 0.99676426, 0.50478214], [0.5, 0.50930228, 0.75], [0.5, 0.24999973, 0.99740822], [0.0, 0.74991097, 0.25], [0.5, 0.24999973, 0.50259178], [0.0, 0.75012475, 0.75]], "coordinate_mode": "direct", "atom_properties": {"force": {"value": [[-0.00099219, -6.06e-05, 0.00099219], [-0.0, -0.00238428, 0.0], [0.00099219, -6.06e-05, -0.00099219], [-0.0, 0.00221884, 0.0], [0.00069452, -1.108e-05, -0.00069452], [-0.0, -0.00248704, 0.0], [-0.00069452, -1.108e-05, 0.00069452], [0.0, 0.00279585, 0.0]]}}, "global_properties": {"energy": {"value": -36.982713}}}