{"lattice_vectors": [[2.82090783, -2.82090783, 0.0], [2.82090783, 2.82090783, 0.0], [-2.82090783, 0.0, 8.46558445]], "atom_type": ["Ge", "Ge", "Ge", "Ge", "Si", "Si"], "atom_coords": [[0.99720815, 0.99720815, 0.9944163], [0.66945855, 0.66945855, 0.338917], [0.3333333, 0.3333333, 0.6666667], [0.0833333, 0.5833333, 0.1666667], [0.7511754, 0.2511754, 0.50235081], [0.4154913, 0.9154913, 0.83098249]], "coordinate_mode": "direct", "atom_properties": {"force": {"value": [[-0.0, -0.0, 2.09e-06], [-0.0, -0.0, -2.09e-06], [-0.0, 0.0, -0.0], [0.0, 0.0, -0.0], [-0.0, 0.0, -8.309e-05], [0.0, 0.0, 8.309e-05]]}}, "global_properties": {"energy": {"value": -28.80328238}}}