{"lattice_vectors": [[2.74931809, 2.74931809, 0.0], [-5.49833576, 2.74901768, 2.74930889], [2.74907505, -2.74907505, 5.49848953]], "atom_type": ["Ge", "Si", "Si", "Si", "Si", "Si", "Si", "Si"], "atom_coords": [[0.99997983, 0.99995966, 2.2e-07], [0.75046624, 0.50093249, 0.25158043], [0.50005591, 0.00011182, 0.5000329], [0.24951917, 0.49903833, 0.74843911], [0.56424469, 0.12848938, 0.19289065], [0.313252, 0.626504, 0.43759958], [0.06313617, 0.12627234, 0.68287103], [0.80934599, 0.61869199, 0.93658607]], "coordinate_mode": "direct", "atom_properties": {"force": {"value": [[0.00195604, -0.00195604, -0.00167663], [-0.00036919, 0.00036919, -0.00071457], [-0.00132622, 0.00132622, -0.00055076], [0.00053977, -0.00053977, -0.0009744], [-0.00142804, 0.00142804, 0.00026467], [-0.00076121, 0.00076121, 0.00171796], [0.00078384, -0.00078384, 0.00193683], [0.00060502, -0.00060502, -3.1e-06]]}}, "global_properties": {"energy": {"value": -42.43385414}}}