{"lattice_vectors": [[2.76445156, 0.0, 2.76445156], [0.0, 5.53147481, 0.0], [-5.53184276, 0.0, 5.53184276]], "atom_type": ["Ge", "Ge", "Si", "Si", "Si", "Si", "Si", "Si"], "atom_coords": [[0.0, 0.99107691, 0.0], [0.5, 0.25892309, 0.0], [0.5, 0.50293985, 0.2567671], [0.0, 0.00235216, 0.5], [0.5, 0.50293985, 0.7432329], [0.0, 0.74706015, 0.2567671], [0.5, 0.24764784, 0.5], [0.0, 0.74706015, 0.7432329]], "coordinate_mode": "direct", "atom_properties": {"force": {"value": [[0.0, 0.00039839, 0.0], [0.0, -0.00039839, 0.0], [-0.00069893, 0.00112038, 0.00069893], [0.0, 0.00032308, 0.0], [0.00069893, 0.00112038, -0.00069893], [-0.00069893, -0.00112038, 0.00069893], [0.0, -0.00032308, 0.0], [0.00069893, -0.00112038, -0.00069893]]}}, "global_properties": {"energy": {"value": -41.49873558}}}