{"lattice_vectors": [[2.84644122, -2.84644122, 0.0], [2.84644122, 2.84644122, 0.0], [-2.84644122, 0.0, 8.54274865]], "atom_type": ["Ge", "Ge", "Ge", "Ge", "Ge", "Si"], "atom_coords": [[0.99719333, 0.99719333, 0.99438666], [0.6666667, 0.6666667, 0.3333333], [0.33613997, 0.33613997, 0.67228004], [0.0821273, 0.5821273, 0.16425469], [0.751206, 0.251206, 0.50241201], [0.4166667, 0.9166667, 0.8333333]], "coordinate_mode": "direct", "atom_properties": {"force": {"value": [[-0.0, -0.0, -0.0001123], [0.0, 0.0, -0.0], [0.0, -0.0, 0.0001123], [0.0, 0.0, -0.00013772], [-0.0, 0.0, 0.00013772], [0.0, -0.0, -0.0]]}}, "global_properties": {"energy": {"value": -27.94498121}}}