{"lattice_vectors": [[5.52898443, -0.00080152, -0.00080152], [-0.00080152, 5.52898443, -0.00080152], [-0.00080152, -0.00080152, 5.52898443]], "atom_type": ["Ge", "Ge", "Si", "Si", "Si", "Si", "Si", "Si"], "atom_coords": [[0.99683188, 0.99683188, 0.99683188], [0.25316812, 0.25316812, 0.25316812], [0.50294273, 0.99701416, 0.50294273], [0.99701416, 0.50294273, 0.50294273], [0.50294273, 0.50294273, 0.99701416], [0.74705727, 0.25298584, 0.74705727], [0.25298584, 0.74705727, 0.74705727], [0.74705727, 0.74705727, 0.25298584]], "coordinate_mode": "direct", "atom_properties": {"force": {"value": [[-0.00065015, -0.00065015, -0.00065015], [0.00065015, 0.00065015, 0.00065015], [-0.00016157, -0.00012499, -0.00016157], [-0.00012499, -0.00016157, -0.00016157], [-0.00016157, -0.00016157, -0.00012499], [0.00016157, 0.00012499, 0.00016157], [0.00012499, 0.00016157, 0.00016157], [0.00016157, 0.00016157, 0.00012499]]}}, "global_properties": {"energy": {"value": -41.48603334}}}