{"lattice_vectors": [[2.83334533, 2.83334533, 0.0], [-5.66936701, 2.83602168, 2.83577915], [2.83477424, -2.83477424, 5.67049286]], "atom_type": ["Ge", "Ge", "Ge", "Ge", "Ge", "Ge", "Si", "Si"], "atom_coords": [[0.99601087, 0.99202174, 0.99701808], [0.75061176, 0.50122352, 0.24491485], [0.50142262, 0.00284523, 0.50202165], [0.56107738, 0.12215477, 0.18547835], [0.31188824, 0.62377648, 0.44258515], [0.06648913, 0.13297826, 0.69048192], [0.25180477, 0.50360953, 0.75570286], [0.81069523, 0.62139047, 0.93179714]], "coordinate_mode": "direct", "atom_properties": {"force": {"value": [[0.00190762, -0.00190762, -0.00167722], [0.00143943, -0.00143943, 0.00051529], [-0.00061386, 0.00061386, 0.00031115], [0.00061386, -0.00061386, -0.00031115], [-0.00143943, 0.00143943, -0.00051529], [-0.00190762, 0.00190762, 0.00167722], [-0.00300058, 0.00300058, 0.00079169], [0.00300058, -0.00300058, -0.00079169]]}}, "global_properties": {"energy": {"value": -37.84533777}}}