{"lattice_vectors": [[-2.79810191, 0.0, 2.79810191], [0.0, -2.79810191, 2.79810191], [2.79515097, 2.79515097, 5.59325288]], "atom_type": ["Ge", "Ge", "Si", "Si"], "atom_coords": [[0.00173509, 0.00173509, 0.99479474], [0.87326491, 0.87326491, 0.38020526], [0.4983997, 0.4983997, 0.50480091], [0.3766003, 0.3766003, 0.87019909]], "coordinate_mode": "direct", "atom_properties": {"force": {"value": [[-0.00101128, -0.00101128, -0.00101128], [0.00101128, 0.00101128, 0.00101128], [-0.00069894, -0.00069894, -0.00069894], [0.00069894, 0.00069894, 0.00069894]]}}, "global_properties": {"energy": {"value": -19.81547556}}}