{"lattice_vectors": [[2.82110965, 0.0, -2.82110965], [-2.82110965, 2.82110965, 0.0], [5.64269316, 5.64269316, 5.64269316]], "atom_type": ["Ge", "Ge", "Ge", "Ge", "Si", "Si"], "atom_coords": [[0.0, 0.0, 0.99735552], [0.3333333, 0.6666667, 0.66913952], [0.0, 0.0, 0.25264448], [0.6666667, 0.3333333, 0.58086048], [0.6666667, 0.3333333, 0.33348447], [0.3333333, 0.6666667, 0.91651553]], "coordinate_mode": "direct", "atom_properties": {"force": {"value": [[-0.00024945, -0.00024945, -0.00024945], [0.00051824, 0.00051824, 0.00051824], [0.00024945, 0.00024945, 0.00024945], [-0.00051824, -0.00051824, -0.00051824], [0.00038863, 0.00038863, 0.00038863], [-0.00038863, -0.00038863, -0.00038863]]}}, "global_properties": {"energy": {"value": -28.80264947}}}