{"lattice_vectors": [[2.7492423, 0.0, 2.7492423], [0.0, 5.49855507, 0.0], [-5.49785845, 0.0, 5.49785845]], "atom_type": ["Ge", "Si", "Si", "Si", "Si", "Si", "Si", "Si"], "atom_coords": [[0.0, 0.00023184, 0.0], [0.5, 0.50000936, 0.25223906], [0.0, 0.9997669, 0.5], [0.5, 0.50000936, 0.74776094], [0.5, 0.25840854, 0.0], [0.0, 0.74705128, 0.25424672], [0.5, 0.24747145, 0.5], [0.0, 0.74705128, 0.74575328]], "coordinate_mode": "direct", "atom_properties": {"force": {"value": [[0.0, 0.00185129, 0.0], [0.00026531, -3.341e-05, -0.00026531], [0.0, -0.00072228, 0.0], [-0.00026531, -3.341e-05, 0.00026531], [0.0, 0.00128218, 0.0], [0.0014336, -0.00042003, -0.0014336], [0.0, -0.00150432, 0.0], [-0.0014336, -0.00042003, 0.0014336]]}}, "global_properties": {"energy": {"value": -42.43540852}}}