{"lattice_vectors": [[2.83304509, 0.0, 2.83304509], [0.0, 5.66971479, 0.0], [-5.67132505, 0.0, 5.67132505]], "atom_type": ["Ge", "Ge", "Ge", "Ge", "Ge", "Ge", "Si", "Si"], "atom_coords": [[0.0, 0.99674982, 0.99289798], [0.5, 0.49724064, 0.25], [0.0, 0.99674982, 0.50710202], [0.5, 0.25325018, 0.99289798], [0.0, 0.75275936, 0.25], [0.5, 0.25325018, 0.50710202], [0.5, 0.50851089, 0.75], [0.0, 0.74148911, 0.75]], "coordinate_mode": "direct", "atom_properties": {"force": {"value": [[0.00091176, -0.00127748, -0.00091176], [-0.0, 0.00095187, 0.0], [-0.00091176, -0.00127748, 0.00091176], [0.00091176, 0.00127748, -0.00091176], [-0.0, -0.00095187, 0.0], [-0.00091176, 0.00127748, 0.00091176], [-0.0, 0.00246111, 0.0], [-0.0, -0.00246111, 0.0]]}}, "global_properties": {"energy": {"value": -37.85961781}}}