{"lattice_vectors": [[2.77610454, 0.0, -2.77610454], [-2.77610454, 2.77610454, 0.0], [5.55600581, 5.55600581, 5.55600581]], "atom_type": ["Ge", "Ge", "Si", "Si", "Si", "Si"], "atom_coords": [[0.0, 0.0, 0.00445003], [0.3333333, 0.6666667, 0.91221667], [0.3333333, 0.6666667, 0.6608197], [0.6666667, 0.3333333, 0.33507009], [0.0, 0.0, 0.255847], [0.6666667, 0.3333333, 0.58159651]], "coordinate_mode": "direct", "atom_properties": {"force": {"value": [[-0.00077711, -0.00077711, -0.00077711], [0.00077711, 0.00077711, 0.00077711], [0.00063278, 0.00063278, 0.00063278], [-3.281e-05, -3.281e-05, -3.281e-05], [-0.00063278, -0.00063278, -0.00063278], [3.281e-05, 3.281e-05, 3.281e-05]]}}, "global_properties": {"energy": {"value": -30.62737981}}}