{"lattice_vectors": [[2.79879831, -2.79879831, 0.0], [2.79593392, 2.79593392, 0.0], [-2.79736612, 0.0014322, 8.39438009]], "atom_type": ["Ge", "Ge", "Ge", "Si", "Si", "Si"], "atom_coords": [[0.9988916, 0.9988916, 0.9977832], [0.66501545, 0.66501545, 0.3300308], [0.7527265, 0.2527265, 0.505453], [0.33591608, 0.33591608, 0.67183227], [0.08221533, 0.58221533, 0.16443076], [0.41523503, 0.91523503, 0.83046997]], "coordinate_mode": "direct", "atom_properties": {"force": {"value": [[0.0, -0.0, 0.00016431], [0.0, -0.0, 0.00015468], [0.0, 0.0, -0.00018269], [-0.0, 0.0, -0.00097218], [0.0, -0.0, 0.00095489], [-0.0, 0.0, -0.000119]]}}, "global_properties": {"energy": {"value": -29.71000652}}}