{"lattice_vectors": [[2.79917864, 0.0, -2.79917864], [0.0, 5.59549446, 0.0], [2.79509415, -2.79774723, 5.59427279]], "atom_type": ["Ge", "Ge", "Ge", "Si", "Si", "Si"], "atom_coords": [[0.99752399, 0.9932477, 0.99504798], [0.33580931, 0.33153302, 0.67161872], [0.1666667, 0.42471831, 0.3333333], [0.6666667, 0.6745023, 0.3333333], [0.50232946, 0.74866215, 0.00465893], [0.83100384, 0.07733652, 0.66200777]], "coordinate_mode": "direct", "atom_properties": {"force": {"value": [[0.00226637, -0.00118673, 0.00226637], [-0.00226637, -0.00118673, -0.00226637], [0.0, 0.00330636, 0.0], [0.0, 0.00327156, 0.0], [-0.00202631, -0.00210223, -0.00202631], [0.00202631, -0.00210223, 0.00202631]]}}, "global_properties": {"energy": {"value": -29.73203081}}}