{"lattice_vectors": [[2.83469814, 0.0, -2.83469814], [2.83290395, 5.66849355, 2.83290395], [2.83494395, -5.67053321, 2.83494395]], "atom_type": ["Ge", "Ge", "Ge", "Ge", "Ge", "Ge", "Si", "Si"], "atom_coords": [[0.0, 0.99658543, 0.00326099], [0.5, 0.99814431, 0.49491478], [0.0, 0.49999224, 0.49986217], [0.0, 0.37841457, 0.12173901], [0.5, 0.37685569, 0.63008522], [0.0, 0.87500776, 0.62513783], [0.5, 0.50486659, 0.00176616], [0.5, 0.87013341, 0.12323384]], "coordinate_mode": "direct", "atom_properties": {"force": {"value": [[2.4e-06, 0.00087705, 2.4e-06], [-3.11e-06, 0.00097649, -3.11e-06], [0.00034823, 0.00028731, 0.00034823], [-2.4e-06, -0.00087705, -2.4e-06], [3.11e-06, -0.00097649, 3.11e-06], [-0.00034823, -0.00028731, -0.00034823], [0.00036248, 0.00016721, 0.00036248], [-0.00036248, -0.00016721, -0.00036248]]}}, "global_properties": {"energy": {"value": -37.83692751}}}