{"lattice_vectors": [[2.76410361, 2.76410361, 0.0], [2.76410361, -2.76410361, 0.0], [0.0, 0.0, -5.52817302]], "atom_type": ["Ge", "Si", "Si", "Si"], "atom_coords": [[0.0, 0.0, 0.0], [0.5, 0.5, 0.5], [0.5, 0.0, 0.74413914], [0.0, 0.5, 0.25586086]], "coordinate_mode": "direct", "atom_properties": {"force": {"value": [[-0.0, 0.0, 0.0], [0.0, 0.0, 0.0], [-0.0, -0.0, -0.00211773], [-0.0, -0.0, 0.00211773]]}}, "global_properties": {"energy": {"value": -20.73607068}}}