{"lattice_vectors": [[2.74938748, 2.74938748, 0.0], [2.74938748, -2.74938748, 0.0], [0.0, 0.0, -10.99803783]], "atom_type": ["Ge", "Si", "Si", "Si", "Si", "Si", "Si", "Si"], "atom_coords": [[0.0, 0.0, 0.0], [0.5, 0.5, 0.25234708], [0.0, 0.0, 0.5], [0.5, 0.5, 0.74765292], [0.5, 0.0, 0.87086171], [0.0, 0.5, 0.12913829], [0.5, 0.0, 0.37622764], [0.0, 0.5, 0.62377236]], "coordinate_mode": "direct", "atom_properties": {"force": {"value": [[0.0, 0.0, -0.0], [-0.0, -0.0, 2.075e-05], [0.0, 0.0, -0.0], [0.0, 0.0, -2.075e-05], [0.0, 0.0, -0.00033169], [0.0, 0.0, 0.00033169], [0.0, 0.0, 0.00117684], [0.0, 0.0, -0.00117684]]}}, "global_properties": {"energy": {"value": -42.43000087}}}