{"lattice_vectors": [[2.82214607, 0.0, -2.82214607], [-2.82214607, 2.82214607, 0.0], [5.6490735, 5.6490735, 5.6490735]], "atom_type": ["Ge", "Ge", "Ge", "Ge", "Si", "Si"], "atom_coords": [[0.0, 0.0, 0.00611112], [0.3333333, 0.6666667, 0.66498634], [0.3333333, 0.6666667, 0.91834706], [0.6666667, 0.3333333, 0.57722218], [0.6666667, 0.3333333, 0.32924052], [0.0, 0.0, 0.25409278]], "coordinate_mode": "direct", "atom_properties": {"force": {"value": [[-0.00178017, -0.00178017, -0.00178017], [0.0015536, 0.0015536, 0.0015536], [-0.0015536, -0.0015536, -0.0015536], [0.00178017, 0.00178017, 0.00178017], [0.00097309, 0.00097309, 0.00097309], [-0.00097309, -0.00097309, -0.00097309]]}}, "global_properties": {"energy": {"value": -28.80806741}}}