{"lattice_vectors": [[2.79818683, 0.0, 2.79818683], [0.0, 5.59606981, 0.0], [-5.590971, 0.0, 5.590971]], "atom_type": ["Ge", "Ge", "Ge", "Ge", "Si", "Si", "Si", "Si"], "atom_coords": [[0.0, 0.00624587, 0.00212009], [0.5, 0.50624587, 0.24787991], [0.5, 0.24375413, 0.50212009], [0.0, 0.74375413, 0.74787991], [0.0, 0.99420826, 0.49799704], [0.5, 0.49420826, 0.75200296], [0.5, 0.25579174, 0.99799704], [0.0, 0.75579174, 0.25200296]], "coordinate_mode": "direct", "atom_properties": {"force": {"value": [[0.00090517, 0.0024006, -0.00090517], [-0.00090517, 0.0024006, 0.00090517], [0.00090517, -0.0024006, -0.00090517], [-0.00090517, -0.0024006, 0.00090517], [-0.00083965, -0.00239625, 0.00083965], [0.00083965, -0.00239625, -0.00083965], [-0.00083965, 0.00239625, 0.00083965], [0.00083965, 0.00239625, -0.00083965]]}}, "global_properties": {"energy": {"value": -39.63162214}}}