{"lattice_vectors": [[2.79772601, 0.0, -2.79772601], [-2.79772601, 2.79772601, 0.0], [5.59915596, 5.59915596, 5.59915596]], "atom_type": ["Ge", "Ge", "Ge", "Si", "Si", "Si"], "atom_coords": [[0.0, 0.0, 0.00158313], [0.3333333, 0.6666667, 0.66940565], [0.6666667, 0.3333333, 0.57909431], [0.6666667, 0.3333333, 0.32931928], [0.0, 0.0, 0.25224324], [0.3333333, 0.6666667, 0.91835439]], "coordinate_mode": "direct", "atom_properties": {"force": {"value": [[-0.00035394, -0.00035394, -0.00035394], [-0.00034737, -0.00034737, -0.00034737], [0.00076895, 0.00076895, 0.00076895], [-0.00040386, -0.00040386, -0.00040386], [-0.00017643, -0.00017643, -0.00017643], [0.00051264, 0.00051264, 0.00051264]]}}, "global_properties": {"energy": {"value": -29.69377607}}}