{"lattice_vectors": [[2.82032296, 0.0, -2.82032296], [0.0, 5.64656568, 0.0], [2.82327473, -2.82328284, 5.64359769]], "atom_type": ["Ge", "Ge", "Ge", "Ge", "Si", "Si"], "atom_coords": [[0.00334234, 0.00758484, 0.00668468], [0.32999096, 0.33423346, 0.65998202], [0.50334234, 0.74909984, 0.00668468], [0.82999096, 0.07574846, 0.65998202], [0.6666667, 0.65872359, 0.3333333], [0.1666667, 0.42460981, 0.3333333]], "coordinate_mode": "direct", "atom_properties": {"force": {"value": [[0.00061446, 0.00081678, 0.00061446], [-0.00061446, 0.00081678, -0.00061446], [0.00061446, -0.00081678, 0.00061446], [-0.00061446, -0.00081678, -0.00061446], [-0.0, -0.00066247, 0.0], [-0.0, 0.00066247, 0.0]]}}, "global_properties": {"energy": {"value": -28.83612924}}}