{"lattice_vectors": [[2.79765991, 0.0, -2.79765991], [-2.79765991, 2.79765991, 0.0], [5.59201752, 5.59201752, 5.59201752]], "atom_type": ["Ge", "Ge", "Ge", "Si", "Si", "Si"], "atom_coords": [[0.0, 0.0, 0.99746508], [0.3333333, 0.6666667, 0.66465228], [0.0, 0.0, 0.25452849], [0.6666667, 0.3333333, 0.33756808], [0.3333333, 0.6666667, 0.91473585], [0.6666667, 0.3333333, 0.58105023]], "coordinate_mode": "direct", "atom_properties": {"force": {"value": [[0.00016328, 0.00016328, 0.00016328], [0.00019142, 0.00019142, 0.00019142], [-0.00030301, -0.00030301, -0.00030301], [-4.969e-05, -4.969e-05, -4.969e-05], [0.00013697, 0.00013697, 0.00013697], [-0.00013897, -0.00013897, -0.00013897]]}}, "global_properties": {"energy": {"value": -29.71007176}}}