{"lattice_vectors": [[2.81656317, 2.81656317, 0.0], [-5.62931233, 2.81274916, 2.81536144], [2.81451597, -2.81451597, 5.63220784]], "atom_type": ["Ge", "Ge", "Ge", "Ge", "Ge", "Si", "Si", "Si"], "atom_coords": [[0.00106461, 0.00212923, 0.9933368], [0.75266794, 0.50533587, 0.25608012], [0.49903495, 0.9980699, 0.5068839], [0.56209683, 0.12419366, 0.18916668], [0.81007136, 0.62014272, 0.93002184], [0.24746038, 0.49492076, 0.7441803], [0.31234078, 0.62468156, 0.44394931], [0.06526315, 0.1305263, 0.68638105]], "coordinate_mode": "direct", "atom_properties": {"force": {"value": [[-0.00033322, 0.00033322, 0.00276792], [-0.00248276, 0.00248276, 0.00081054], [0.00046775, -0.00046775, -0.00094577], [-0.00011274, 0.00011274, 0.00240592], [-0.00155449, 0.00155449, -8.636e-05], [0.00267539, -0.00267539, -0.00253993], [-0.00078829, 0.00078829, 0.00167921], [0.00212837, -0.00212837, -0.00409154]]}}, "global_properties": {"energy": {"value": -38.7416835}}}