{"lattice_vectors": [[2.8155111, 0.0, -2.8155111], [2.81570374, 5.63142934, 2.81570374], [2.81762154, -5.63334716, 2.81762154]], "atom_type": ["Ge", "Ge", "Ge", "Ge", "Ge", "Si", "Si", "Si"], "atom_coords": [[0.0, 0.00159185, 0.00509209], [0.5, 0.99830645, 0.4947592], [0.0, 0.49822134, 0.49480679], [0.5, 0.37681188, 0.62999561], [0.0, 0.87493326, 0.62521138], [0.5, 0.50173972, 0.00489354], [0.0, 0.37812988, 0.12197089], [0.5, 0.87026561, 0.1232705]], "coordinate_mode": "direct", "atom_properties": {"force": {"value": [[-7.368e-05, -3.434e-05, -7.368e-05], [-0.00011014, 0.00022346, -0.00011014], [-0.00010631, 8.301e-05, -0.00010631], [0.00022809, -6.026e-05, 0.00022809], [-7.778e-05, 2.823e-05, -7.778e-05], [0.00011053, -0.00012969, 0.00011053], [1.233e-05, -0.00016078, 1.233e-05], [1.698e-05, 5.037e-05, 1.698e-05]]}}, "global_properties": {"energy": {"value": -38.70502017}}}