{"lattice_vectors": [[2.82229385, 0.0, -2.82229385], [-0.00112879, 5.64453136, -0.00112879], [2.82043404, -2.82395824, 5.64272789]], "atom_type": ["Ge", "Ge", "Ge", "Ge", "Si", "Si"], "atom_coords": [[0.9975261, 0.0015874, 0.99505219], [0.33273094, 0.32447104, 0.66546199], [0.16726906, 0.42552896, 0.33453801], [0.5024739, 0.7484126, 0.00494781], [0.66951318, 0.67333778, 0.33902625], [0.83048682, 0.07666222, 0.66097375]], "coordinate_mode": "direct", "atom_properties": {"force": {"value": [[0.0009642, 0.00015984, 0.0009642], [-0.00066744, -0.00120773, -0.00066744], [0.00066744, 0.00120773, 0.00066744], [-0.0009642, -0.00015984, -0.0009642], [-0.00049677, 0.00053717, -0.00049677], [0.00049677, -0.00053717, 0.00049677]]}}, "global_properties": {"energy": {"value": -28.83753883}}}