{"lattice_vectors": [[5.52992322, -0.00093765, -0.00092838], [-0.00093765, 5.52992322, -0.00092838], [-2.76542108, -2.76542108, 5.53030343]], "atom_type": ["Ge", "Ge", "Si", "Si", "Si", "Si", "Si", "Si"], "atom_coords": [[0.99408472, 0.99408472, 0.99682503], [0.38091528, 0.38091528, 0.25317497], [0.24727041, 0.75554053, 0.50297309], [0.50261681, 0.50261681, 0.9969695], [0.75554053, 0.24727041, 0.50297309], [0.61945947, 0.12772959, 0.74702691], [0.87238319, 0.87238319, 0.2530305], [0.12772959, 0.61945947, 0.74702691]], "coordinate_mode": "direct", "atom_properties": {"force": {"value": [[-0.00093566, -0.00093566, 0.00148168], [0.00093566, 0.00093566, -0.00148168], [-0.00014568, 0.00016205, 0.00059901], [0.00048468, 0.00048468, -0.00167457], [0.00016205, -0.00014568, 0.00059901], [-0.00016205, 0.00014568, -0.00059901], [-0.00048468, -0.00048468, 0.00167457], [0.00014568, -0.00016205, -0.00059901]]}}, "global_properties": {"energy": {"value": -41.50060471}}}