{"lattice_vectors": [[2.77503216, 0.0, -2.77503216], [-2.77503216, 2.77503216, 0.0], [5.54955752, 5.54955752, 5.54955752]], "atom_type": ["Ge", "Ge", "Si", "Si", "Si", "Si"], "atom_coords": [[0.0, 0.0, 0.99973816], [0.6666667, 0.3333333, 0.58359514], [0.3333333, 0.6666667, 0.66908417], [0.6666667, 0.3333333, 0.33111333], [0.0, 0.0, 0.25221997], [0.3333333, 0.6666667, 0.91424923]], "coordinate_mode": "direct", "atom_properties": {"force": {"value": [[-0.00135746, -0.00135746, -0.00135746], [0.00135746, 0.00135746, 0.00135746], [0.00059543, 0.00059543, 0.00059543], [0.00159342, 0.00159342, 0.00159342], [-0.00159342, -0.00159342, -0.00159342], [-0.00059543, -0.00059543, -0.00059543]]}}, "global_properties": {"energy": {"value": -30.62613477}}}