{"lattice_vectors": [[2.82282298, -2.82282298, 0.0], [2.8199234, 2.8199234, 0.0], [-2.82137319, 0.00144979, 8.47200545]], "atom_type": ["Ge", "Ge", "Ge", "Ge", "Si", "Si"], "atom_coords": [[0.99610314, 0.99610314, 0.99220628], [0.66781798, 0.66781798, 0.33563585], [0.08218202, 0.58218202, 0.16436415], [0.75389686, 0.25389686, 0.50779372], [0.33591107, 0.33591107, 0.67182225], [0.41408893, 0.91408893, 0.82817775]], "coordinate_mode": "direct", "atom_properties": {"force": {"value": [[0.0, -0.0, -0.00419787], [0.0, -0.0, -0.00596524], [-0.0, 0.0, 0.00596524], [-0.0, 0.0, 0.00419787], [-0.0, 0.0, 0.00793773], [0.0, -0.0, -0.00793773]]}}, "global_properties": {"energy": {"value": -28.82767179}}}