{"lattice_vectors": [[5.49830229, 0.0, 0.0], [0.0, 5.49830229, 0.0], [-2.74915115, -2.74915115, 5.49797229]], "atom_type": ["Ge", "Si", "Si", "Si", "Si", "Si", "Si", "Si"], "atom_coords": [[0.0, 0.0, 0.0], [0.25, 0.75, 0.5], [0.5, 0.5, 0.0], [0.75, 0.25, 0.5], [0.38053769, 0.38053769, 0.25293572], [0.61946231, 0.12760198, 0.74706428], [0.87239802, 0.87239802, 0.25293572], [0.12760198, 0.61946231, 0.74706428]], "coordinate_mode": "direct", "atom_properties": {"force": {"value": [[-0.0, -0.0, 0.0], [-0.0, 0.0, 0.0], [-0.0, 0.0, 0.0], [-0.0, -0.0, 0.0], [3.778e-05, 3.778e-05, 0.00208325], [-3.778e-05, 3.778e-05, -0.00208325], [-3.778e-05, -3.778e-05, 0.00208325], [3.778e-05, -3.778e-05, -0.00208325]]}}, "global_properties": {"energy": {"value": -42.43967983}}}