{"lattice_vectors": [[2.77472564, 0.0, -2.77472564], [0.0, 5.55424334, 0.0], [2.77658224, -2.77712167, 5.55130789]], "atom_type": ["Ge", "Ge", "Si", "Si", "Si", "Si"], "atom_coords": [[0.0, 0.00833597, 0.0], [0.5, 0.74166403, 0.0], [0.32998333, 0.32608987, 0.65996675], [0.67001667, 0.66612322, 0.34003325], [0.17001667, 0.42391013, 0.34003325], [0.82998333, 0.08387678, 0.65996675]], "coordinate_mode": "direct", "atom_properties": {"force": {"value": [[-0.0, -0.0005588, -0.0], [-0.0, 0.0005588, 0.0], [0.00058429, 0.00012468, 0.00058429], [-0.00058429, 0.00012468, -0.00058429], [-0.00058429, -0.00012468, -0.00058429], [0.00058429, -0.00012468, 0.00058429]]}}, "global_properties": {"energy": {"value": -30.65718489}}}